Gene,Group
PEG3,Initial clusters
RPL34,Initial clusters
H2AFJ,Initial clusters
SLC22A3,Initial clusters
SNHG8,Initial clusters
MALAT1,Initial clusters
RPS13,Initial clusters
ADGRG6,Initial clusters
LIMCH1,Initial clusters
NCAM2,Initial clusters
PRAC1,Initial clusters
NEAT1,Initial clusters
BTG1,Initial clusters
RPS25,Initial clusters
SAT1,Initial clusters
FOLH1,Initial clusters
RPLP2,Initial clusters
MAOA,Initial clusters
TMEM205,Initial clusters
RPS3,Initial clusters
ZFAS1,Initial clusters
PURA,Initial clusters
PPP3CA,Initial clusters
STEAP2,Initial clusters
NUPR1,Initial clusters
TMED3,Initial clusters
EIF4A2,Initial clusters
BLOC1S6,Initial clusters
GDF15,Initial clusters
TXNRD1,Initial clusters
STEAP1,Initial clusters
SNHG19,Initial clusters
DEGS1,Initial clusters
NFIB,Initial clusters
FTH1,Initial clusters
VTA1,Initial clusters
NUP93,Initial clusters
NEDD4L,Initial clusters
BDP1,Initial clusters
GRB10,Initial clusters
HIST3H2A,Initial clusters
SLC7A11,Initial clusters
SORD,Initial clusters
UTRN,Initial clusters
HES4,Initial clusters
MYO6,Initial clusters
TSC22D3,Initial clusters
MME,Initial clusters
C19orf48,Initial clusters
KLK2,Initial clusters
RPS3A,Initial clusters
RPL7A,Initial clusters
RPS28,Initial clusters
RPS24,Initial clusters
RPL41,Initial clusters
NETO1,Initial clusters
GULP1,Initial clusters
SLC4A4,Initial clusters
RPL23A,Initial clusters
COLCA1,Initial clusters
LUZP2,Initial clusters
RPL4,Initial clusters
RLN1,Initial clusters
NAP1L1,Initial clusters
LRBA,Initial clusters
NUCB2,Initial clusters
CFAP69,Initial clusters
ETV1,Initial clusters
IFITM3,Initial clusters
PLGRKT,Initial clusters
MESP1,Initial clusters
GTF2H2,Initial clusters
SLC30A4,Initial clusters
METRN,Initial clusters
KLK3,Initial clusters
FAM111A,Initial clusters
RASSF3,Initial clusters
NRP1,Initial clusters
RAMP1,Initial clusters
TM7SF2,Initial clusters
HIST1H1C,Initial clusters
PRR34-AS1,Initial clusters
OCLN,Initial clusters
NDUFB4,Initial clusters
DSC2,Initial clusters
GCHFR,Initial clusters
SNRPN,Initial clusters
CCND1,Initial clusters
PPFIA2,Initial clusters
AIDA,Initial clusters
MPC2,Initial clusters
DSEL,Initial clusters
HMOX1,Initial clusters
MT1G,Initial clusters
S100P,Initial clusters
AC069228.1,Initial clusters
CHCHD10,Initial clusters
BLVRB,Initial clusters
SYT4,Initial clusters
REXO2,Initial clusters
RNF187,Initial clusters
NQO1,Initial clusters
RBCK1,Initial clusters
FBXL17,Initial clusters
PKIB,Initial clusters
COX7A2,Initial clusters
SARS,Initial clusters
FXYD3,Initial clusters
PRDX5,Initial clusters
ME1,Initial clusters
AIG1,Initial clusters
EIF1,Initial clusters
CLDN7,Initial clusters
PHGDH,Initial clusters
CPNE3,Initial clusters
GHITM,Initial clusters
LINC01133,Initial clusters
NARS,Initial clusters
MAP1LC3B,Initial clusters
TRIB3,Initial clusters
TMED10,Initial clusters
MMP16,Initial clusters
ZYX,Initial clusters
PLA2G16,Initial clusters
DDIT3,Initial clusters
SCCPDH,Initial clusters
CLGN,Initial clusters
AL139246.5,Initial clusters
COX5A,Initial clusters
TCEA1,Initial clusters
MORF4L1,Initial clusters
PCK2,Initial clusters
MRPS35,Initial clusters
RTN3,Initial clusters
FBXO9,Initial clusters
FAM177A1,Initial clusters
VEGFA,Initial clusters
TPD52L1,Initial clusters
GSTA1,Initial clusters
GNL3,Initial clusters
SQSTM1,Initial clusters
DNPH1,Initial clusters
ARFGAP3,Initial clusters
MPHOSPH6,Initial clusters
HERPUD1,Initial clusters
MB,Initial clusters
ASS1,Initial clusters
BEX2,Initial clusters
CCPG1,Initial clusters
NAALADL2,Initial clusters
RTN4,Initial clusters
GFPT1,Initial clusters
SCHLAP1,Initial clusters
SEPHS2,Initial clusters
SPON2,Initial clusters
GARS,Initial clusters
MAPK6,Initial clusters
PRUNE2,Initial clusters
COMTD1,Initial clusters
ARFGEF3,Initial clusters
TRPM4,Initial clusters
HSPA9,Initial clusters
CIB1,Initial clusters
PLCB4,Initial clusters
ASNS,Initial clusters
ARG2,Initial clusters
EIF4EBP1,Initial clusters
AARS,Initial clusters
PSAT1,Initial clusters
UAP1,Initial clusters
CAMK2N1,Initial clusters
RPL7,ENZ-induced clusters
SESN3,ENZ-induced clusters
EIF1B,ENZ-induced clusters
MARCKSL1,ENZ-induced clusters
IGFBP5,ENZ-induced clusters
VIM,ENZ-induced clusters
SOX4,ENZ-induced clusters
TMSB10,ENZ-induced clusters
RDH10,ENZ-induced clusters
FTL,ENZ-induced clusters
GNAI1,ENZ-induced clusters
ATXN7L3B,ENZ-induced clusters
PITX1,ENZ-induced clusters
UGT2B15,ENZ-induced clusters
TUBA1A,ENZ-induced clusters
IGFBP2,ENZ-induced clusters
SNHG8,ENZ-induced clusters
CITED2,ENZ-induced clusters
PAGE1,ENZ-induced clusters
UGT2B11,ENZ-induced clusters
ASPH,ENZ-induced clusters
SEMA3C,ENZ-induced clusters
ABRACL,ENZ-induced clusters
NR2F1,ENZ-induced clusters
HSPA8,ENZ-induced clusters
CBLN2,ENZ-induced clusters
LGALS1,ENZ-induced clusters
CHPT1,ENZ-induced clusters
GSTA1,ENZ-induced clusters
ST3GAL1,ENZ-induced clusters
DDC,ENZ-induced clusters
ATP2B1,ENZ-induced clusters
CD24,ENZ-induced clusters
MDK,ENZ-induced clusters
LDHB,ENZ-induced clusters
SELENBP1,ENZ-induced clusters
TMSB4X,ENZ-induced clusters
ADD3,ENZ-induced clusters
CKB,ENZ-induced clusters
CAMK2N1,ENZ-induced clusters
LMO4,ENZ-induced clusters
HSPA5,ENZ-induced clusters
SPON2,ENZ-induced clusters
LTN1,ENZ-induced clusters
AIDA,ENZ-induced clusters
CALR,ENZ-induced clusters
MT-CO3,ENZ-induced clusters
MT-ND1,ENZ-induced clusters
MT-CO1,ENZ-induced clusters
SEC61B,ENZ-induced clusters
VAV3,ENZ-induced clusters
HSP90B1,ENZ-induced clusters
PLA2G2A,ENZ-induced clusters
AR,ENZ-induced clusters
SEC11C,ENZ-induced clusters
MID1,ENZ-induced clusters
TOX3,ENZ-induced clusters
WNT5A,ENZ-induced clusters
BROX,ENZ-induced clusters
MRPL41,ENZ-induced clusters
ANKRD29,ENZ-induced clusters
MANF,ENZ-induced clusters
LRRN1,ENZ-induced clusters
CHCHD2,ENZ-induced clusters
ADRA2A,ENZ-induced clusters
NOP10,ENZ-induced clusters
FAM198B,ENZ-induced clusters
CREB3L4,ENZ-induced clusters
MAT2A,ENZ-induced clusters
NIPSNAP3A,ENZ-induced clusters
CRELD2,ENZ-induced clusters
TSPAN8,ENZ-induced clusters
H3F3A,ENZ-induced clusters
PDIA6,ENZ-induced clusters
ANK3,ENZ-induced clusters
PDIA3,ENZ-induced clusters
ARPC5,ENZ-induced clusters
GTF3C6,ENZ-induced clusters
S100A11,ENZ-induced clusters
HSP90AB1,ENZ-induced clusters
PRUNE2,ENZ-induced clusters
PARK7,ENZ-induced clusters
KRT18,ENZ-induced clusters
HMGCS2,ENZ-induced clusters
ATP6V1G1,ENZ-induced clusters
ADGRV1,ENZ-induced clusters
INSIG2,ENZ-induced clusters
MLEC,ENZ-induced clusters
TMEM144,ENZ-induced clusters
MIA3,ENZ-induced clusters
ATP1B1,ENZ-induced clusters
PDIA4,ENZ-induced clusters
HOXA10,ENZ-induced clusters
ATP11A,ENZ-induced clusters
SMIM14,ENZ-induced clusters
LAMA3,ENZ-induced clusters
ZBTB43,ENZ-induced clusters
ITM2B,ENZ-induced clusters
COX7A2,ENZ-induced clusters
LCP1,ENZ-induced clusters
MRPL20,ENZ-induced clusters
LAMTOR5,ENZ-induced clusters
P4HB,ENZ-induced clusters
MRPL57,ENZ-induced clusters
GUK1,ENZ-induced clusters
TMED2,ENZ-induced clusters
MTRNR2L12,ENZ-induced clusters
ARRDC3,ENZ-induced clusters
SYT4,ENZ-induced clusters
ATG3,ENZ-induced clusters
SDF2L1,ENZ-induced clusters
TMEM59,ENZ-induced clusters
CCT8,ENZ-induced clusters
COA3,ENZ-induced clusters
CSTB,ENZ-induced clusters
LYPLAL1,ENZ-induced clusters
FBXO9,ENZ-induced clusters
GSTA4,ENZ-induced clusters
ARL6IP5,ENZ-induced clusters
MYL6,ENZ-induced clusters
ZNF503,ENZ-induced clusters
SCP2,ENZ-induced clusters
RAP2B,ENZ-induced clusters
CALD1,ENZ-induced clusters
DNAJC3,ENZ-induced clusters
SSR1,ENZ-induced clusters
PPIB,ENZ-induced clusters
DNPH1,ENZ-induced clusters
GLO1,ENZ-induced clusters
DBI,ENZ-induced clusters
C1orf122,ENZ-induced clusters
RDH11,ENZ-induced clusters
MINOS1,ENZ-induced clusters
ATP6V0E1,ENZ-induced clusters
MYDGF,ENZ-induced clusters
TIMM17A,ENZ-induced clusters
ARFGEF1,ENZ-induced clusters
AGTRAP,ENZ-induced clusters
ARF4,ENZ-induced clusters
MRPL55,ENZ-induced clusters
TSC22D1,ENZ-induced clusters
LAMP2,ENZ-induced clusters
DDOST,ENZ-induced clusters
AP1S1,ENZ-induced clusters
DENND1B,ENZ-induced clusters
ARHGAP29,ENZ-induced clusters
ENAH,ENZ-induced clusters
BARD1,ENZ-induced clusters
HERPUD1,ENZ-induced clusters
TMEM14A,ENZ-induced clusters
GOLIM4,ENZ-induced clusters
MAP1B,ENZ-induced clusters
EPHX1,ENZ-induced clusters
SQSTM1,ENZ-induced clusters
NQO1,ENZ-induced clusters
ATF4,ENZ-induced clusters
HSPD1,ENZ-induced clusters
PCK2,ENZ-induced clusters
APRT,ENZ-induced clusters
RNF187,ENZ-induced clusters
ATP5F1B,ENZ-induced clusters
GARS,ENZ-induced clusters
EPRS,ENZ-induced clusters
C2orf54,ENZ-induced clusters
FTH1,ENZ-induced clusters
GPX4,ENZ-induced clusters
MGST1,ENZ-induced clusters
TARS,ENZ-induced clusters
ARL1,ENZ-induced clusters
KLHL35,ENZ-induced clusters
DDIT3,ENZ-induced clusters
BEX2,ENZ-induced clusters
PPP1R16A,ENZ-induced clusters
SDSL,ENZ-induced clusters
ASS1,ENZ-induced clusters
ASNS,ENZ-induced clusters
SNHG25,ENZ-induced clusters
TM7SF2,ENZ-induced clusters
RAMP1,ENZ-induced clusters
HNRNPA2B1,Persistent clusters
NMU,Persistent clusters
ARL6IP1,Persistent clusters
PTTG1,Persistent clusters
RPA3,Persistent clusters
HNRNPC,Persistent clusters
SRSF3,Persistent clusters
CENPW,Persistent clusters
HNRNPM,Persistent clusters
STMN1,Persistent clusters
HMGN1,Persistent clusters
HMGN2,Persistent clusters
DYNLL1,Persistent clusters
NQO1,Persistent clusters
EPHX1,Persistent clusters
ASPH,Persistent clusters
PAGE1,Persistent clusters
BNIP3,Persistent clusters
PGK1,Persistent clusters
LDHA,Persistent clusters
MT2A,Persistent clusters
ENO1,Persistent clusters
BNIP3L,Persistent clusters
GPI,Persistent clusters
NEAT1,Persistent clusters
NDRG1,Persistent clusters
SCD,Persistent clusters
C4orf3,Persistent clusters
FAM162A,Persistent clusters
PKM,Persistent clusters
P4HA1,Persistent clusters
GAPDH,Persistent clusters
DSP,Persistent clusters
MALAT1,Persistent clusters
TPI1,Persistent clusters
PFKP,Persistent clusters
PGAM1,Persistent clusters
ALDOC,Persistent clusters
MIR210HG,Persistent clusters
MT1X,Persistent clusters
PIAS2,Persistent clusters
CKB,Persistent clusters
ACLY,Persistent clusters
ABHD2,Persistent clusters
PLOD2,Persistent clusters
CCNI,Persistent clusters
SEC61G,Persistent clusters
TXNIP,Persistent clusters
AK4,Persistent clusters
INSIG2,Persistent clusters
VEGFA,Persistent clusters
KLK4,Persistent clusters
KLK2,Persistent clusters
TFF3,Persistent clusters
EGFR,Persistent clusters
DARS,Persistent clusters
MKNK2,Persistent clusters
PDK1,Persistent clusters
ZKSCAN1,Persistent clusters
TMEM141,Persistent clusters
ANKZF1,Persistent clusters
HLA-A,Persistent clusters
FADS2,Persistent clusters
ERO1A,Persistent clusters
ENC1,Persistent clusters
PPP2R2A,Persistent clusters
DDIT4,Persistent clusters
MXI1,Persistent clusters
KLK3,Persistent clusters
SOX4,Persistent clusters
DEGS1,Persistent clusters
MAP1B,Persistent clusters
SAT1,Persistent clusters
PGM1,Persistent clusters
HPN,Persistent clusters
SPON2,Persistent clusters
TMEM123,Persistent clusters
MYO6,Persistent clusters
GDF15,Persistent clusters
TSC22D1,Persistent clusters
HLA-B,Persistent clusters
AIDA,Persistent clusters
AMD1,Persistent clusters
ZFP36L1,Persistent clusters
IRF6,Persistent clusters
NETO1,Persistent clusters
MIA3,Persistent clusters
EFNA1,Persistent clusters
FASN,Persistent clusters
MT1F,Persistent clusters
PLA2G16,Persistent clusters
VGLL4,Persistent clusters
BTG1,Persistent clusters
P4HB,Persistent clusters
MIR99AHG,Persistent clusters
GLO1,Persistent clusters
JUND,Persistent clusters
SLC16A1,Persistent clusters
SYT4,Persistent clusters
AR,Persistent clusters
JUN,Persistent clusters
MME,Persistent clusters
CAMK2N1,Persistent clusters
TMSB10,Persistent clusters
LMO4,Persistent clusters
TUBA1A,Persistent clusters
ATP1B1,Persistent clusters
PLA2G2A,Persistent clusters
CCNB1,Persistent clusters
UBE2S,Persistent clusters
CENPF,Persistent clusters
CKS2,Persistent clusters
HMMR,Persistent clusters
CDKN3,Persistent clusters
TUBA1B,Persistent clusters
CDC20,Persistent clusters
TUBB4B,Persistent clusters
BIRC5,Persistent clusters
HMGB2,Persistent clusters
CCNB2,Persistent clusters
TUBA1C,Persistent clusters
CENPE,Persistent clusters
DEPDC1,Persistent clusters
H2AFZ,Persistent clusters
DLGAP5,Persistent clusters
TOP2A,Persistent clusters
PBK,Persistent clusters
NUSAP1,Persistent clusters
CKS1B,Persistent clusters
TPX2,Persistent clusters
MAD2L1,Persistent clusters
ECT2,Persistent clusters
SMC4,Persistent clusters
NEK2,Persistent clusters
RAD21,Persistent clusters
JPT1,Persistent clusters
HMGB1,Persistent clusters
ANP32E,Persistent clusters
CALM2,Persistent clusters
NUCKS1,Persistent clusters
MKI67,Persistent clusters
CDCA3,Persistent clusters
KIF4A,Persistent clusters
NUF2,Persistent clusters
HMGB3,Persistent clusters
PLK1,Persistent clusters
KIF14,Persistent clusters
ASPM,Persistent clusters
SMC2,Persistent clusters
TACC3,Persistent clusters
DEK,Persistent clusters
SGO2,Persistent clusters
PRR11,Persistent clusters
TROAP,Persistent clusters
GTSE1,Persistent clusters
BUB1,Persistent clusters
SPAG5,Persistent clusters
CKAP5,Persistent clusters
H2AFV,Persistent clusters
CEP55,Persistent clusters
TUBB,Persistent clusters
UBE2C,Persistent clusters
DEPDC1B,Persistent clusters
TK1,Persistent clusters
TYMS,Persistent clusters
GPSM2,Persistent clusters
CKAP2,Persistent clusters
RAN,Persistent clusters
SKA2,Persistent clusters
KIF20B,Persistent clusters
ZWINT,Persistent clusters
TMPO,Persistent clusters
CENPA,Persistent clusters
CENPU,Persistent clusters
ARHGAP11A,Persistent clusters
AURKA,Persistent clusters
HP1BP3,Persistent clusters
FAM83D,Persistent clusters
LBR,Persistent clusters
CENPN,Persistent clusters
LSM5,Persistent clusters
NCAPG,Persistent clusters
MRPL51,Persistent clusters
DTYMK,Persistent clusters
PCLAF,Persistent clusters
DIAPH3,Persistent clusters
H3F3B,Persistent clusters
FOXM1,Persistent clusters
NUDT1,Persistent clusters
PTGES3,Persistent clusters
CNIH4,Persistent clusters
LSM3,Persistent clusters
PARPBP,Persistent clusters
NCAPD2,Persistent clusters
CCDC34,Persistent clusters
RHEB,Persistent clusters
AL118516.1,Persistent clusters
CDCA2,Persistent clusters
RDM1,Persistent clusters
BUB3,Persistent clusters
NDC80,Persistent clusters
ANP32B,Persistent clusters
CBX3,Persistent clusters
H1FX,Persistent clusters
KPNA2,Persistent clusters
CENPM,Persistent clusters
SAPCD2,Persistent clusters
HNRNPH3,Persistent clusters
SFPQ,Persistent clusters
LSM4,Persistent clusters
RACGAP1,Persistent clusters
NUDCD2,Persistent clusters
ILF2,Persistent clusters
GGH,Persistent clusters
CACYBP,Persistent clusters
SPDL1,Persistent clusters
SGO1,Persistent clusters
PTMA,Persistent clusters
SLTM,Persistent clusters
BCL2L12,Persistent clusters
GGCT,Persistent clusters
KNSTRN,Persistent clusters
THUMPD3-AS1,Persistent clusters
RAD51C,Persistent clusters
TXNDC12,Persistent clusters
SNRPB,Persistent clusters
RBM8A,Persistent clusters
CENPH,Persistent clusters
HMG20B,Persistent clusters
H2AFX,Persistent clusters
LMNB1,Persistent clusters
TIMM10,Persistent clusters
EMC9,Persistent clusters
CEP70,Persistent clusters
PSIP1,Persistent clusters
DDX39A,Persistent clusters
KRT10,Persistent clusters
PSAT1,Persistent clusters
CBX1,Persistent clusters
ODC1,Persistent clusters
HINT2,Persistent clusters
UBE2T,Persistent clusters
MAL2,Persistent clusters
RANBP1,Persistent clusters
G2E3,Persistent clusters
SRP9,Persistent clusters
HLTF,Persistent clusters
CCT5,Persistent clusters
GSPT1,Persistent clusters
HNRNPA3,Persistent clusters
TCEA1,Persistent clusters
ATP5IF1,Persistent clusters
ISOC2,Persistent clusters
CKLF,Persistent clusters
EXOSC8,Persistent clusters
SEPT7,Persistent clusters
HNRNPR,Persistent clusters
MTHFD2,Persistent clusters
NASP,Persistent clusters
DNAJA1,Persistent clusters
SLC3A2,Persistent clusters
PRAC2,Persistent clusters
MAT2A,Persistent clusters
MARCKS,Persistent clusters
HSP90AA1,Persistent clusters
FAM111B,Persistent clusters
PCNA,Persistent clusters
MCM3,Persistent clusters
MCM7,Persistent clusters
MCM4,Persistent clusters
BRCA1,Persistent clusters
ORC6,Persistent clusters
CLSPN,Persistent clusters
GINS2,Persistent clusters
CDC6,Persistent clusters
E2F1,Persistent clusters
MCM5,Persistent clusters
MCM10,Persistent clusters
HELLS,Persistent clusters
SLBP,Persistent clusters
DTL,Persistent clusters
CDT1,Persistent clusters
MCM6,Persistent clusters
DNMT1,Persistent clusters
ATAD2,Persistent clusters
FEN1,Persistent clusters
CDCA7,Persistent clusters
RFC2,Persistent clusters
UNG,Persistent clusters
CHAF1A,Persistent clusters
CDK1,Persistent clusters
BRCA2,Persistent clusters
DHFR,Persistent clusters
XRCC2,Persistent clusters
RFC4,Persistent clusters
RMI2,Persistent clusters
CHEK1,Persistent clusters
FIGNL1,Persistent clusters
CDC45,Persistent clusters
PGP,Persistent clusters
ASF1B,Persistent clusters
DUT,Persistent clusters
MSH6,Persistent clusters
WDHD1,Persistent clusters
ATAD5,Persistent clusters
TUBA4A,Persistent clusters
DNAJC9,Persistent clusters
VRK1,Persistent clusters
SRSF2,Persistent clusters
NOP56,Persistent clusters
CENPX,Persistent clusters
RFC1,Persistent clusters
PRKDC,Persistent clusters
RPA2,Persistent clusters
DCTPP1,Persistent clusters
TUBG1,Persistent clusters
NCAPD3,Persistent clusters
SMC1A,Persistent clusters
BRI3BP,Persistent clusters
FUS,Persistent clusters
BARD1,Persistent clusters
RRM2,Persistent clusters
GMNN,Persistent clusters
CDK4,Persistent clusters
RRM1,Persistent clusters
EMP2,Persistent clusters
NOLC1,Persistent clusters
MRPL17,Persistent clusters
USP1,Persistent clusters
SMC3,Persistent clusters
HIST1H4C,Persistent clusters
HIST2H2AC,Persistent clusters
HIST1H1B,Persistent clusters
HIST1H1E,Persistent clusters
ESCO2,Persistent clusters
TMEM106C,Persistent clusters
SIVA1,Persistent clusters
C21orf58,Persistent clusters
MYBL2,Persistent clusters
RAD51AP1,Persistent clusters
AURKB,Persistent clusters
HJURP,Persistent clusters
CDCA5,Persistent clusters
SPC25,Persistent clusters
MND1,Persistent clusters
FANCI,Persistent clusters
PRIM1,Persistent clusters
FBXO5,Persistent clusters
CENPK,Persistent clusters
MELK,Persistent clusters
PKMYT1,Persistent clusters
CDKN2D,Persistent clusters
HIST1H1C,Persistent clusters
CBX5,Persistent clusters
KIF2C,Persistent clusters
KNL1,Persistent clusters
TCF19,Persistent clusters
HIRIP3,Persistent clusters
WDR34,Persistent clusters
EZH2,Persistent clusters
FANCD2,Persistent clusters
MNS1,Persistent clusters
DSN1,Persistent clusters
MXD3,Persistent clusters
CDCA4,Persistent clusters
CARHSP1,Persistent clusters
CDCA8,Persistent clusters
KIF11,Persistent clusters
PSMC3,Persistent clusters
PARP2,Persistent clusters
POLD3,Persistent clusters
SHCBP1,Persistent clusters
POLQ,Persistent clusters
SPC24,Persistent clusters
CCNA2,Persistent clusters
RFC5,Persistent clusters
CKAP2L,Persistent clusters
DBF4,Persistent clusters
ANLN,Persistent clusters
YEATS4,Persistent clusters
PSMC3IP,Persistent clusters
TIMELESS,Persistent clusters
BUB1B,Persistent clusters
GINS1,Persistent clusters
NCAPG2,Persistent clusters
MIS18A,Persistent clusters
KIF22,Persistent clusters
SYNE2,Persistent clusters
SNRPG,Persistent clusters
POC1A,Persistent clusters
MGME1,Persistent clusters
RTKN2,Persistent clusters
YWHAH,Persistent clusters
MIS18BP1,Persistent clusters
TMEM107,Persistent clusters
BTG3,Persistent clusters
XRCC5,Persistent clusters
CEP57,Persistent clusters
SASS6,Persistent clusters
CENPL,Persistent clusters
RBBP8,Persistent clusters
EBP,Persistent clusters
HNRNPD,Persistent clusters
ALYREF,Persistent clusters
NSD2,Persistent clusters
SUZ12,Persistent clusters
TOPBP1,Persistent clusters
LRR1,Persistent clusters
ANAPC11,Persistent clusters
LRRCC1,Persistent clusters
VPS29,Persistent clusters
CDK5RAP2,Persistent clusters
COMMD4,Persistent clusters
CEP78,Persistent clusters
UBC,Persistent clusters
SUPT16H,Persistent clusters
SAC3D1,Persistent clusters
SNRPD1,Persistent clusters
THRAP3,Persistent clusters
PA2G4,Persistent clusters
MEA1,Persistent clusters
CSE1L,Persistent clusters
EIF5,Persistent clusters
ITGB3BP,Persistent clusters
TTF2,Persistent clusters
NFATC2IP,Persistent clusters
TCOF1,Persistent clusters
TRIR,Persistent clusters
ZDHHC12,Persistent clusters
RBBP4,Persistent clusters
HAT1,Persistent clusters
RMI1,Persistent clusters
ACAT2,Persistent clusters
FDPS,Persistent clusters
KMT5A,Persistent clusters
LSM8,Persistent clusters
SRSF7,Persistent clusters
CEBPG,Persistent clusters
CCDC14,Persistent clusters
LSM2,Persistent clusters
PHGDH,Persistent clusters
SRSF10,Persistent clusters
RBBP7,Persistent clusters
CTCF,Persistent clusters
CMC2,Persistent clusters
H1F0,Persistent clusters
SSRP1,Persistent clusters
IDH2,Persistent clusters
HADH,Persistent clusters
PPM1G,Persistent clusters
RAD23A,Persistent clusters
EIF4EBP1,Persistent clusters
DDIT3,Persistent clusters
CEBPB,Persistent clusters
TRIB3,Persistent clusters
HES4,Persistent clusters
UBALD2,Persistent clusters
KIF20A,Persistent clusters
PIF1,Persistent clusters
PSRC1,Persistent clusters
PIMREG,Persistent clusters
CDC25B,Persistent clusters
TTK,Persistent clusters
KIF23,Persistent clusters
KIF18A,Persistent clusters
CCNF,Persistent clusters
CDC25C,Persistent clusters
SAP30,Persistent clusters
ARHGEF39,Persistent clusters
GAS2L3,Persistent clusters
BRD8,Persistent clusters
PRC1,Persistent clusters
INCENP,Persistent clusters
CCDC18,Persistent clusters
NCAPH,Persistent clusters
ZMYM1,Persistent clusters
KIFC1,Persistent clusters
OIP5,Persistent clusters
WEE1,Persistent clusters
RNF26,Persistent clusters
DCAF7,Persistent clusters
REEP4,Persistent clusters
STIL,Persistent clusters
RANGAP1,Persistent clusters
CIT,Persistent clusters
SCLT1,Persistent clusters
CIP2A,Persistent clusters
KIAA0586,Persistent clusters
KIF15,Persistent clusters
ARHGAP21,Persistent clusters
SMTN,Persistent clusters
PLEKHA5,Persistent clusters
UACA,Persistent clusters
CCSAP,Persistent clusters
RHNO1,Persistent clusters
CDC27,Persistent clusters
IER5L,Persistent clusters
DCP2,Persistent clusters
C2orf69,Persistent clusters
MED7,Persistent clusters
GOT1,Persistent clusters
CDKN1B,Persistent clusters
DESI2,Persistent clusters
PRPSAP1,Persistent clusters
COQ2,Persistent clusters
MYEF2,Persistent clusters
PCM1,Persistent clusters
WSB1,Persistent clusters
TGIF1,Persistent clusters
C9orf40,Persistent clusters
DCTN3,Persistent clusters
TPR,Persistent clusters
ZNF714,Persistent clusters
RSRC1,Persistent clusters
VDAC3,Persistent clusters
GCLM,Persistent clusters
LINC01133,Persistent clusters
ASNS,Persistent clusters
SLC7A11,Persistent clusters
UQCC2,Persistent clusters
CALM3,Persistent clusters
FTH1,Persistent clusters
HES6,Persistent clusters
EHF,Persistent clusters
PTMS,Persistent clusters
KIAA2013,Persistent clusters
PLOD1,Persistent clusters
HSP90B1,Persistent clusters
GATA2,Persistent clusters
KTN1,Persistent clusters
MIF,Persistent clusters
ENAH,Persistent clusters
FADS1,Persistent clusters
VKORC1,Persistent clusters
EFNA3,Persistent clusters
HDGF,Persistent clusters
IRF2BP2,Persistent clusters
RAB13,Persistent clusters
CTNNA1,Persistent clusters
SEL1L,Persistent clusters
INSIG1,Persistent clusters
IDI1,Persistent clusters
SSR1,Persistent clusters
PIK3R3,Persistent clusters
EGLN1,Persistent clusters
COX20,Persistent clusters
ENSA,Persistent clusters
PDIA3,Persistent clusters
IARS2,Persistent clusters
SLC6A8,Persistent clusters
HNRNPK,Persistent clusters
BAMBI,Persistent clusters
BDP1,Persistent clusters
TAX1BP1,Persistent clusters
PDIA6,Persistent clusters
TMEM59,Persistent clusters
XBP1,Persistent clusters
BZW1,Persistent clusters
ARRDC3,Persistent clusters
MANF,Persistent clusters
HSPA5,Persistent clusters
AP3B2,NEPC upregulated
TUBB2B,NEPC upregulated
CRMP1,NEPC upregulated
PCSK1,NEPC upregulated
SEZ6,NEPC upregulated
CDC25B,NEPC upregulated
KCNC1,NEPC upregulated
TMEM145,NEPC upregulated
CCDC88A,NEPC upregulated
ASCL1,NEPC upregulated
ENO2,NEPC upregulated
MIAT,NEPC upregulated
SRRM4,NEPC upregulated
NPTX1,NEPC upregulated
PHF19,NEPC upregulated
RNF183,NEPC upregulated
TOX,NEPC upregulated
INSM1,NEPC upregulated
IGFBPL1,NEPC upregulated
ELAVL3,NEPC upregulated
RUNDC3A,NEPC upregulated
NKX2-1,NEPC upregulated
UNC13A,NEPC upregulated
FANCL,NEPC upregulated
SH3GL2,NEPC upregulated
FAM161A,NEPC upregulated
APLP1,NEPC upregulated
DLL3,NEPC upregulated
DNMT1,NEPC upregulated
ELAVL4,NEPC upregulated
FGF9,NEPC upregulated
INA,NEPC upregulated
NPPA,NEPC upregulated
PCSK2,NEPC upregulated
SNAP25,NEPC upregulated
SOX2,NEPC upregulated
STMN1,NEPC upregulated
MYCN,NEPC upregulated
AURKA,NEPC upregulated
TUBB3,NEPC upregulated
EZH2,NEPC upregulated
CHGA,NEPC upregulated
SYP,NEPC upregulated
AR,NEPC downregulated
AIM1,NEPC downregulated
ADRB2,NEPC downregulated
SPDEF,NEPC downregulated
STEAP1,NEPC downregulated
STEAP2,NEPC downregulated
C1orf116,NEPC downregulated
ERGIC1,NEPC downregulated
LATS2,NEPC downregulated
NKX3-1,NEPC downregulated
PMEPA1,NEPC downregulated
HOMER2,NEPC downregulated
ZBTB16,NEPC downregulated
ZG16B,NEPC downregulated
EPHX2,NEPC downregulated
SLC45A3,NEPC downregulated
GLUD1,NEPC downregulated
SLC44A4,NEPC downregulated
CCND1,NEPC downregulated
KLK3,NEPC downregulated
PPAP2A,NEPC downregulated
GRTP1,NEPC downregulated
YAP1,NEPC downregulated
SYNGR2,NEPC downregulated
ALDH6A1,NEPC downregulated
NAP1L2,NEPC downregulated
HPN,NEPC downregulated
RGS10,NEPC downregulated
RILPL2,NEPC downregulated
ACPP,NEPC downregulated
HOXB13,NEPC downregulated
ICAM3,NEPC downregulated
CALR,mTORC1 signaling
PGK1,mTORC1 signaling
PSAT1,mTORC1 signaling
LDHA,mTORC1 signaling
SCD,mTORC1 signaling
P4HA1,mTORC1 signaling
NUPR1,mTORC1 signaling
HSPA5,mTORC1 signaling
ACLY,mTORC1 signaling
SQSTM,mTORC1 signaling
GOT1,mTORC1 signaling
TPI1,mTORC1 signaling
AURKA,mTORC1 signaling
DHFR,mTORC1 signaling
IGFBP5,mTORC1 signaling
ENO1,mTORC1 signaling
EBP,mTORC1 signaling
AK4,mTORC1 signaling
ME1,mTORC1 signaling
ALDOA,mTORC1 signaling
CCNG1,mTORC1 signaling
RRM2,mTORC1 signaling
DHCR24,mTORC1 signaling
PSMC4,mTORC1 signaling
MCM2,mTORC1 signaling
PGM1,mTORC1 signaling
PLK1,mTORC1 signaling
GSK3B,mTORC1 signaling
SDF2L1,mTORC1 signaling
MCM4,mTORC1 signaling
HSP90B1,mTORC1 signaling
TUBG1,mTORC1 signaling
PDAP1,mTORC1 signaling
BUB1,mTORC1 signaling
GPI,mTORC1 signaling
ATP2A2,mTORC1 signaling
HMBS,mTORC1 signaling
SBSPON,PROSGenesis
ELF3,PROSGenesis
ATP1B1,PROSGenesis
TSTD1,PROSGenesis
LRRC26,PROSGenesis
APIP,PROSGenesis
ID1,PROSGenesis
ATP6AP2,PROSGenesis
BEX4,PROSGenesis
BEX1,PROSGenesis
MECOM,PROSGenesis
MME,PROSGenesis
TRIM2,PROSGenesis
PAQR6,PROSGenesis
RAB25,PROSGenesis
S100A1,PROSGenesis
S100A14,PROSGenesis
S100A11,PROSGenesis
TXNIP,PROSGenesis
SLC39A8,PROSGenesis
LMO4,PROSGenesis
NANS,PROSGenesis
PTGR1,PROSGenesis
PDZK1IP1,PROSGenesis
TSPAN1,PROSGenesis
CITED4,PROSGenesis
CASZ1,PROSGenesis
CDK6,PROSGenesis
HOPX,PROSGenesis
ANXA3,PROSGenesis
CLDN3,PROSGenesis
TSPAN33,PROSGenesis
TACSTD2,PROSGenesis
IL17RE,PROSGenesis
CD9,PROSGenesis
CMAS,PROSGenesis
CEACAM1,PROSGenesis
SPINT2,PROSGenesis
UPK1A,PROSGenesis
FXYD3,PROSGenesis
AKAP13,PROSGenesis
STARD10,PROSGenesis
PGAP2,PROSGenesis
PPFIBP2,PROSGenesis
ACSM3,PROSGenesis
CRACR2B,PROSGenesis
KCNQ1,PROSGenesis
ANO1,PROSGenesis
CDK19,PROSGenesis
CHCHD10,PROSGenesis
PLPP2,PROSGenesis
CHPT1,PROSGenesis
PHLDA1,PROSGenesis
TSPAN8,PROSGenesis
RAB11FIP1,PROSGenesis
CDH1,PROSGenesis
RHOU,PROSGenesis
LGALS3,PROSGenesis
CLU,PROSGenesis
KLF5,PROSGenesis
MMP7,PROSGenesis
SMCO4,PROSGenesis
BARX2,PROSGenesis
ANXA2,PROSGenesis
GSTA4,PROSGenesis
CTSH,PROSGenesis
PLSCR1,PROSGenesis
ALAS1,PROSGenesis
ABHD14B,PROSGenesis
LIMK2,PROSGenesis
CLDN7,PROSGenesis
ALOX15,PROSGenesis
GDPD1,PROSGenesis
PRR15L,PROSGenesis
PPP1R1B,PROSGenesis
KRT19,PROSGenesis
SOX9,PROSGenesis
SMIM6,PROSGenesis
CDC20,Persist
MKI67,Persist
CCNB2,Persist
CENPF,Persist
DLGAP5,Persist
HMMR,Persist
PLK1,Persist
CCNB1,Persist
PTTG1,Persist
CENPE,Persist
UBE2S,Persist
NCAPD2,Persist
TUBA1C,Persist
DYNLL1,Persist
CD81,Persist
CKAP5,Persist
ODC1,Persist
PCNA,MYC targets V1
PSMD8,MYC targets V1
PSMD7,MYC targets V1
SET,MYC targets V1
SNRPA1,MYC targets V1
RAN,MYC targets V1
SRSF2,MYC targets V1
G3BP1,MYC targets V1
STARD7,MYC targets V1
NPM1,MYC targets V1
BUB3,MYC targets V1
EIF3D,MYC targets V1
XPO1,MYC targets V1
FBL,MYC targets V1
EIF4A1,MYC targets V1
CANX,MYC targets V1
NAP1L1,MYC targets V1
CBX3,MYC targets V1
CCT3,MYC targets V1
C1QBP,MYC targets V1
U2AF1,MYC targets V1
UBE2L3,MYC targets V1
SSBP1,MYC targets V1
SRSF1,MYC targets V1
TCP1,MYC targets V1
MCM2,MYC targets V1
EIF3B,MYC targets V1
PSMD14,MYC targets V1
SNRPA,MYC targets V1
PWP1,MYC targets V1
APEX1,MYC targets V1
TXNL4A,MYC targets V1
HNRNPR,MYC targets V1
PSMB2,MYC targets V1
HPRT1,MYC targets V1
MCM6,MYC targets V1
NME1,MYC targets V1
SNRPD1,MYC targets V1
EEF1B2,MYC targets V1
HSPD1,MYC targets V1
CAD,MYC targets V1
RPL18,MYC targets V1
PGK1,MYC targets V1
DDX18,MYC targets V1
RPS2,MYC targets V1
LDHA,MYC targets V1
RUVBL2,MYC targets V1
RNPS1,MYC targets V1
EIF2S1,MYC targets V1
RANBP1,MYC targets V1
MCM5,MYC targets V1
IARS,MYC targets V1
UBE2E1,MYC targets V1
MYC,MYC targets V1
AP3S1,MYC targets V1
RFC4,MYC targets V1
DUT,MYC targets V1
PSMA4,MYC targets V1
RPS3,MYC targets V1
SNRPG,MYC targets V1
PHB2,MYC targets V1
SSB,MYC targets V1
EIF4H,MYC targets V1
SRSF3,MYC targets V1
CCT4,MYC targets V1
TFDP1,MYC targets V1
EIF2S2,MYC targets V1
CDK4,MYC targets V1
SNRPD3,MYC targets V1
PSMD1,MYC targets V1
RACK1,MYC targets V1
GOT2,MYC targets V1
PABPC4,MYC targets V1
CCT5,MYC targets V1
PRPS2,MYC targets V1
ACP1,MYC targets V1
PRPF31,MYC targets V1
CCT2,MYC targets V1
KARS,MYC targets V1
DEK,MYC targets V1
EIF4G2,MYC targets V1
XPOT,MYC targets V1
SRM,MYC targets V1
UBA2,MYC targets V1
KPNB1,MYC targets V1
PSMA7,MYC targets V1
TRA2B,MYC targets V1
COX5A,MYC targets V1
PA2G4,MYC targets V1
PCBP1,MYC targets V1
HNRNPA1,MYC targets V1
CCNA2,MYC targets V1
PPIA,MYC targets V1
EIF3J,MYC targets V1
ORC2,MYC targets V1
PSMA2,MYC targets V1
SYNCRIP,MYC targets V1
HDAC2,MYC targets V1
LSM2,MYC targets V1
VBP1,MYC targets V1
PSMA6,MYC targets V1
CNBP,MYC targets V1
CDK2,MYC targets V1
TARDBP,MYC targets V1
NOLC1,MYC targets V1
GSPT1,MYC targets V1
HNRNPA2B1,MYC targets V1
ETF1,MYC targets V1
AC004086.1,MYC targets V1
TOMM70,MYC targets V1
PTGES3,MYC targets V1
PSMA1,MYC targets V1
PSMC6,MYC targets V1
CTPS1,MYC targets V1
HSPE1,MYC targets V1
FAM120A,MYC targets V1
PPM1G,MYC targets V1
HNRNPD,MYC targets V1
SERBP1,MYC targets V1
CSTF2,MYC targets V1
PRDX4,MYC targets V1
EIF4E,MYC targets V1
ODC1,MYC targets V1
USP1,MYC targets V1
RPL22,MYC targets V1
HNRNPA3,MYC targets V1
NCBP1,MYC targets V1
RPLP0,MYC targets V1
ABCE1,MYC targets V1
EIF1AX,MYC targets V1
YWHAE,MYC targets V1
MCM7,MYC targets V1
YWHAQ,MYC targets V1
VDAC1,MYC targets V1
SMARCC1,MYC targets V1
SNRPD2,MYC targets V1
HNRNPU,MYC targets V1
HDDC2,MYC targets V1
PSMD3,MYC targets V1
RRM1,MYC targets V1
SF3A1,MYC targets V1
LSM7,MYC targets V1
ERH,MYC targets V1
RPL14,MYC targets V1
PSMB3,MYC targets V1
IFRD1,MYC targets V1
NCBP2,MYC targets V1
GLO1,MYC targets V1
NDUFAB1,MYC targets V1
CUL1,MYC targets V1
NHP2,MYC targets V1
CLNS1A,MYC targets V1
TRIM28,MYC targets V1
RSL1D1,MYC targets V1
HNRNPC,MYC targets V1
COPS5,MYC targets V1
XRCC6,MYC targets V1
SLC25A3,MYC targets V1
MRPL9,MYC targets V1
POLE3,MYC targets V1
POLD2,MYC targets V1
H2AFZ,MYC targets V1
AIMP2,MYC targets V1
NOP56,MYC targets V1
PRDX3,MYC targets V1
MRPS18B,MYC targets V1
EPRS,MYC targets V1
KPNA2,MYC targets V1
HSP90AB1,MYC targets V1
RPL34,MYC targets V1
SRPK1,MYC targets V1
MAD2L1,MYC targets V1
DHX15,MYC targets V1
MCM4,MYC targets V1
RPS5,MYC targets V1
CCT7,MYC targets V1
HDGF,MYC targets V1
RPS6,MYC targets V1
SNRPB2,MYC targets V1
PSMC4,MYC targets V1
CDC20,MYC targets V1
TUFM,MYC targets V1
RRP9,MYC targets V1
CDC45,MYC targets V1
TYMS,MYC targets V1
ILF2,MYC targets V1
VDAC3,MYC targets V1
IMPDH2,MYC targets V1
SF3B3,MYC targets V1
NOP16,MYC targets V1
SRSF7,MYC targets V1
GNL3,MYC targets V1
EXOSC7,MYC targets V1
MRPL23,MYC targets V1
RAD23B,MYC targets V1
RPS10,MYC targets V1
PHB,MYC targets V1
DDX21,MYC targets V1
CYC1,MYC targets V1
PABPC1,MYC targets V1
SLC19A1,MYC targets V2
MRTO4,MYC targets V2
TMEM97,MYC targets V2
RRP9,MYC targets V2
PES1,MYC targets V2
TFB2M,MYC targets V2
EXOSC5,MYC targets V2
IPO4,MYC targets V2
NDUFAF4,MYC targets V2
NOC4L,MYC targets V2
MYC,MYC targets V2
SRM,MYC targets V2
PA2G4,MYC targets V2
GNL3,MYC targets V2
NOLC1,MYC targets V2
WDR43,MYC targets V2
RABEPK,MYC targets V2
NOP16,MYC targets V2
TBRG4,MYC targets V2
DDX18,MYC targets V2
NIP7,MYC targets V2
WDR74,MYC targets V2
BYSL,MYC targets V2
HSPD1,MYC targets V2
PLK4,MYC targets V2
NOP2,MYC targets V2
PPAN,MYC targets V2
NOP56,MYC targets V2
RCL1,MYC targets V2
NPM1,MYC targets V2
AIMP2,MYC targets V2
RRP12,MYC targets V2
PPRC1,MYC targets V2
TCOF1,MYC targets V2
MCM5,MYC targets V2
HK2,MYC targets V2
CBX3,MYC targets V2
PLK1,MYC targets V2
PHB,MYC targets V2
MCM4,MYC targets V2
CDK4,MYC targets V2
DUSP2,MYC targets V2
MYBBP1A,MYC targets V2
UTP20,MYC targets V2
PRMT3,MYC targets V2
FARSA,MYC targets V2
MAP3K6,MYC targets V2
LAS1L,MYC targets V2
PUS1,MYC targets V2
HSPE1,MYC targets V2
SLC29A2,MYC targets V2
DCTPP1,MYC targets V2
SUPV3L1,MYC targets V2
SORD,MYC targets V2
IMP4,MYC targets V2
GRWD1,MYC targets V2
UNG,MYC targets V2
MPHOSPH10,MYC targets V2
ABCC4,AR activity
 ACSL3,AR activity
 ADAM7,AR activity
 C1ORF116,AR activity
 CENPN,AR activity
 EAF2,AR activity
 ELL2,AR activity
 FKBP5,AR activity
 GNMT,AR activity
 HERC3,AR activity
 KLK2,AR activity
 KLK3,AR activity
 MAF,AR activity
 MED28,AR activity
 MPHOSPH9,AR activity
 NKX3–1,AR activity
 NNMT,AR activity
 PMEPA1,AR activity
 PTGER4,AR activity
 ZBTB10,AR activity
ADAM9,ARFL
 SLC50A1,ARFL
 RAB4A,ARFL
 PHF8,ARFL
 PARVA,ARFL
 NRARP,ARFL
 NFIX,ARFL
 MYO1B,ARFL
 MMP20,ARFL
 LRIG3,ARFL
 KLF5,ARFL
 KCNJ1,ARFL
 GLI3,ARFL
 G3BP2,ARFL
 FAM96B,ARFL
 ERN1,ARFL
 CUZD1,ARFL
 CLDN8,ARFL
 CDK2AP2,ARFL
 KNSTRN,ARFL
 TIGD6,ARFL
 GPR65,ARFL
 GALNT18,ARFL
 FOXD4,ARFL
 ELP5,ARFL
 DNM1L,ARFL
 ABCA1,ARFL
 CKB,ARFL
 CEACAM16,ARFL
 CAB39L,ARFL
 PXYLP1,ARFL
 ABCA5,ARFL
 AGAP9,ARFL
ANKRD32,ARV
 ANO6,ARV
 ASPM,ARV
 ATL2,ARV
 CA8,ARV
 CDK1,ARV
 CEP128,ARV
 CHAC2,ARV
 CPS1,ARV
 CROT,ARV
 DIAPH3,ARV
 DSCAM,ARV
 DTL,ARV
 E2F7,ARV
 ENDOG,ARV
 GCNT1,ARV
 GJA1,ARV
 GMPR,ARV
 GRIN3A,ARV
 IL1R2,ARV
 INMT,ARV
 INMT-FAM188B,ARV
 INSC,ARV
 INSIG1,ARV
 ISL1,ARV
 KBTBD8,ARV
 KCNC4,ARV
 KCNMB2,ARV
 KRT19,ARV
 LPL,ARV
 LRFN2,ARV
 MAD2L1,ARV
 MAF,ARV
 MESP1,ARV
 MESP2,ARV
 MID1,ARV
 NCAPG2,ARV
 NDST4,ARV
 NUF2,ARV
 NUP93,ARV
 PARL,ARV
 PHTF2,ARV
 PREX2,ARV
 PRIM2,ARV
 RAB33A,ARV
 RARB,ARV
 RDH10,ARV
 RECQL,ARV
 RGS1,ARV
 RGS2,ARV
 SGOL1,ARV
 SLC31A2,ARV
 SLCO2A1,ARV
 SMC2,ARV
 STOX1,ARV
 TIFA,ARV
 TMEM169,ARV
 TMEM241,ARV
 TMEM97,ARV
 TMPO,ARV
 TRIM36,ARV
 TTK,ARV
 UCHL5,ARV
 WNT16,ARV
 ZBTB10,ARV
 ZNF367,ARV
CHEK1,BRCAness
 BRCA1,BRCAness
 EXO1,BRCAness
 BLM,BRCAness
 RMI1,BRCAness
 RAD54L,BRCAness
 RAD51,BRCAness
 LIG1,BRCAness
 XRCC3,BRCAness
 RMI2,BRCAness